<!DOCTYPE HTML><html dir="ltr" lang="en"><head><meta http-equiv="Content-Type" content="text/html; charset=UTF-8">
<meta http-equiv="X-UA-Compatible" content="IE=edge">
<style type="text/css">
/* cyrillic-ext */
@font-face {
  font-family: 'Roboto';
  font-style: normal;
  font-weight: 400;
  src: local('Roboto Regular'), local('Roboto-Regular'), url(//fonts.gstatic.com/s/roboto/v18/KFOmCnqEu92Fr1Mu72xKOzY.woff2) format('woff2');
  unicode-range: U+0460-052F, U+1C80-1C88, U+20B4, U+2DE0-2DFF, U+A640-A69F, U+FE2E-FE2F;
}
/* cyrillic */
@font-face {
  font-family: 'Roboto';
  font-style: normal;
  font-weight: 400;
  src: local('Roboto Regular'), local('Roboto-Regular'), url(//fonts.gstatic.com/s/roboto/v18/KFOmCnqEu92Fr1Mu5mxKOzY.woff2) format('woff2');
  unicode-range: U+0400-045F, U+0490-0491, U+04B0-04B1, U+2116;
}
/* greek-ext */
@font-face {
  font-family: 'Roboto';
  font-style: normal;
  font-weight: 400;
  src: local('Roboto Regular'), local('Roboto-Regular'), url(//fonts.gstatic.com/s/roboto/v18/KFOmCnqEu92Fr1Mu7mxKOzY.woff2) format('woff2');
  unicode-range: U+1F00-1FFF;
}
/* greek */
@font-face {
  font-family: 'Roboto';
  font-style: normal;
  font-weight: 400;
  src: local('Roboto Regular'), local('Roboto-Regular'), url(//fonts.gstatic.com/s/roboto/v18/KFOmCnqEu92Fr1Mu4WxKOzY.woff2) format('woff2');
  unicode-range: U+0370-03FF;
}
/* vietnamese */
@font-face {
  font-family: 'Roboto';
  font-style: normal;
  font-weight: 400;
  src: local('Roboto Regular'), local('Roboto-Regular'), url(//fonts.gstatic.com/s/roboto/v18/KFOmCnqEu92Fr1Mu7WxKOzY.woff2) format('woff2');
  unicode-range: U+0102-0103, U+0110-0111, U+0128-0129, U+0168-0169, U+01A0-01A1, U+01AF-01B0, U+1EA0-1EF9, U+20AB;
}
/* latin-ext */
@font-face {
  font-family: 'Roboto';
  font-style: normal;
  font-weight: 400;
  src: local('Roboto Regular'), local('Roboto-Regular'), url(//fonts.gstatic.com/s/roboto/v18/KFOmCnqEu92Fr1Mu7GxKOzY.woff2) format('woff2');
  unicode-range: U+0100-024F, U+0259, U+1E00-1EFF, U+2020, U+20A0-20AB, U+20AD-20CF, U+2113, U+2C60-2C7F, U+A720-A7FF;
}
/* latin */
@font-face {
  font-family: 'Roboto';
  font-style: normal;
  font-weight: 400;
  src: local('Roboto Regular'), local('Roboto-Regular'), url(//fonts.gstatic.com/s/roboto/v18/KFOmCnqEu92Fr1Mu4mxK.woff2) format('woff2');
  unicode-range: U+0000-00FF, U+0131, U+0152-0153, U+02BB-02BC, U+02C6, U+02DA, U+02DC, U+2000-206F, U+2074, U+20AC, U+2122, U+2191, U+2193, U+2212, U+2215, U+FEFF, U+FFFD;
}
/* cyrillic-ext */
@font-face {
  font-family: 'Roboto';
  font-style: normal;
  font-weight: 500;
  src: local('Roboto Medium'), local('Roboto-Medium'), url(//fonts.gstatic.com/s/roboto/v18/KFOlCnqEu92Fr1MmEU9fCRc4EsA.woff2) format('woff2');
  unicode-range: U+0460-052F, U+1C80-1C88, U+20B4, U+2DE0-2DFF, U+A640-A69F, U+FE2E-FE2F;
}
/* cyrillic */
@font-face {
  font-family: 'Roboto';
  font-style: normal;
  font-weight: 500;
  src: local('Roboto Medium'), local('Roboto-Medium'), url(//fonts.gstatic.com/s/roboto/v18/KFOlCnqEu92Fr1MmEU9fABc4EsA.woff2) format('woff2');
  unicode-range: U+0400-045F, U+0490-0491, U+04B0-04B1, U+2116;
}
/* greek-ext */
@font-face {
  font-family: 'Roboto';
  font-style: normal;
  font-weight: 500;
  src: local('Roboto Medium'), local('Roboto-Medium'), url(//fonts.gstatic.com/s/roboto/v18/KFOlCnqEu92Fr1MmEU9fCBc4EsA.woff2) format('woff2');
  unicode-range: U+1F00-1FFF;
}
/* greek */
@font-face {
  font-family: 'Roboto';
  font-style: normal;
  font-weight: 500;
  src: local('Roboto Medium'), local('Roboto-Medium'), url(//fonts.gstatic.com/s/roboto/v18/KFOlCnqEu92Fr1MmEU9fBxc4EsA.woff2) format('woff2');
  unicode-range: U+0370-03FF;
}
/* vietnamese */
@font-face {
  font-family: 'Roboto';
  font-style: normal;
  font-weight: 500;
  src: local('Roboto Medium'), local('Roboto-Medium'), url(//fonts.gstatic.com/s/roboto/v18/KFOlCnqEu92Fr1MmEU9fCxc4EsA.woff2) format('woff2');
  unicode-range: U+0102-0103, U+0110-0111, U+0128-0129, U+0168-0169, U+01A0-01A1, U+01AF-01B0, U+1EA0-1EF9, U+20AB;
}
/* latin-ext */
@font-face {
  font-family: 'Roboto';
  font-style: normal;
  font-weight: 500;
  src: local('Roboto Medium'), local('Roboto-Medium'), url(//fonts.gstatic.com/s/roboto/v18/KFOlCnqEu92Fr1MmEU9fChc4EsA.woff2) format('woff2');
  unicode-range: U+0100-024F, U+0259, U+1E00-1EFF, U+2020, U+20A0-20AB, U+20AD-20CF, U+2113, U+2C60-2C7F, U+A720-A7FF;
}
/* latin */
@font-face {
  font-family: 'Roboto';
  font-style: normal;
  font-weight: 500;
  src: local('Roboto Medium'), local('Roboto-Medium'), url(//fonts.gstatic.com/s/roboto/v18/KFOlCnqEu92Fr1MmEU9fBBc4.woff2) format('woff2');
  unicode-range: U+0000-00FF, U+0131, U+0152-0153, U+02BB-02BC, U+02C6, U+02DA, U+02DC, U+2000-206F, U+2074, U+20AC, U+2122, U+2191, U+2193, U+2212, U+2215, U+FEFF, U+FFFD;
}
/* cyrillic-ext */
@font-face {
  font-family: 'Roboto';
  font-style: normal;
  font-weight: 900;
  src: local('Roboto Black'), local('Roboto-Black'), url(//fonts.gstatic.com/s/roboto/v18/KFOlCnqEu92Fr1MmYUtfCRc4EsA.woff2) format('woff2');
  unicode-range: U+0460-052F, U+1C80-1C88, U+20B4, U+2DE0-2DFF, U+A640-A69F, U+FE2E-FE2F;
}
/* cyrillic */
@font-face {
  font-family: 'Roboto';
  font-style: normal;
  font-weight: 900;
  src: local('Roboto Black'), local('Roboto-Black'), url(//fonts.gstatic.com/s/roboto/v18/KFOlCnqEu92Fr1MmYUtfABc4EsA.woff2) format('woff2');
  unicode-range: U+0400-045F, U+0490-0491, U+04B0-04B1, U+2116;
}
/* greek-ext */
@font-face {
  font-family: 'Roboto';
  font-style: normal;
  font-weight: 900;
  src: local('Roboto Black'), local('Roboto-Black'), url(//fonts.gstatic.com/s/roboto/v18/KFOlCnqEu92Fr1MmYUtfCBc4EsA.woff2) format('woff2');
  unicode-range: U+1F00-1FFF;
}
/* greek */
@font-face {
  font-family: 'Roboto';
  font-style: normal;
  font-weight: 900;
  src: local('Roboto Black'), local('Roboto-Black'), url(//fonts.gstatic.com/s/roboto/v18/KFOlCnqEu92Fr1MmYUtfBxc4EsA.woff2) format('woff2');
  unicode-range: U+0370-03FF;
}
/* vietnamese */
@font-face {
  font-family: 'Roboto';
  font-style: normal;
  font-weight: 900;
  src: local('Roboto Black'), local('Roboto-Black'), url(//fonts.gstatic.com/s/roboto/v18/KFOlCnqEu92Fr1MmYUtfCxc4EsA.woff2) format('woff2');
  unicode-range: U+0102-0103, U+0110-0111, U+0128-0129, U+0168-0169, U+01A0-01A1, U+01AF-01B0, U+1EA0-1EF9, U+20AB;
}
/* latin-ext */
@font-face {
  font-family: 'Roboto';
  font-style: normal;
  font-weight: 900;
  src: local('Roboto Black'), local('Roboto-Black'), url(//fonts.gstatic.com/s/roboto/v18/KFOlCnqEu92Fr1MmYUtfChc4EsA.woff2) format('woff2');
  unicode-range: U+0100-024F, U+0259, U+1E00-1EFF, U+2020, U+20A0-20AB, U+20AD-20CF, U+2113, U+2C60-2C7F, U+A720-A7FF;
}
/* latin */
@font-face {
  font-family: 'Roboto';
  font-style: normal;
  font-weight: 900;
  src: local('Roboto Black'), local('Roboto-Black'), url(//fonts.gstatic.com/s/roboto/v18/KFOlCnqEu92Fr1MmYUtfBBc4.woff2) format('woff2');
  unicode-range: U+0000-00FF, U+0131, U+0152-0153, U+02BB-02BC, U+02C6, U+02DA, U+02DC, U+2000-206F, U+2074, U+20AC, U+2122, U+2191, U+2193, U+2212, U+2215, U+FEFF, U+FFFD;
}

</style>
<link rel="stylesheet" type="text/css" href="https://www.gstatic.com/recaptcha/releases/nuX0GNR875hMLA1LR7ayD9tc/styles__ltr.css">
<script nonce="qrEyuLtkrAh3B/DtCcn0RQ" type="text/javascript">window['__recaptcha_api'] = 'https://www.google.com:443/recaptcha/';</script>
<script type="text/javascript" src="https://www.gstatic.com/recaptcha/releases/nuX0GNR875hMLA1LR7ayD9tc/recaptcha__en.js" nonce="qrEyuLtkrAh3B/DtCcn0RQ">
      
    </script></head>
<body><div id="rc-anchor-alert" class="rc-anchor-alert"></div>
<input type="hidden" id="recaptcha-token" value="03AGdBq27lEPR5fA_ttvrjvbemwhJC3qM3juPcx68thfUV67ODPTQ0DXQNHsNAsGm-BNCmqlAfSXVdV42uNWLmOrWiTM5_6AZOI3zXGzpd9WWqIpnEy-zbtqptwE28_0jFNR4Y6AoaieO5NjrkEou1rqzufgeoBvD0gXCfH3gQ4WmEkLQ5h5WsV1e_6yvABU7x05IMVgR03dP_yEcHU4yrL6SLF6lCYw-BNUPRrbIUQbSPq8bVLNJTGglWXcNTknFesnavqvm8P1LJVk4lRlLeL00FTbEv-11CLtsI5VD-aWSSwYLvq5wZjWXVdkzgymUvti8ucuxJUe2xI4ok2v_Zb1xEA5gd0Ioos9ayM1rU_OqcZMvcJML4gpmr_QSr7cpFI75xVBrT-NpwusH3i9--Cp32PniXb_isrT_5IYmjhfYmJdCH5_cFtqiMG2p-IOTRZMC8flyBu_ZKAo9P24XHxxWri3zX9E-oiDo14iEUV_j3qgXIewgqHwchvwBkZ417AqSc3-5rtXDy39PsnjZG52b2MCdA48d9lPi-3WmIu1Z2_YDCKeN9Z8cO1sKhXEFwjIYDKUIBvTEon7oehfN95eDi5ydlxpCEAazGMDQBE5lj1_QvjLl9He1Ntin1w2pmew2JFsIYmdGhEzl-qjcMyPOBGo4Nzc5iBN2XYOz_lYLmCq3y-AzSHR0sVf_KyqjzN-2KazOgfqOiyJEmJqrbV13DzlGxAj3BIW4BD5rfELBQst8acWkhPITug2lQ3K1KVv_OW9NwOlfQg7X7_TRdyFaXNYNSocaj3qcIBh_FVUp2gfTphM3b3J-lJaokMQ9MjWx9m-RPtxTmJJdX72HF0IgPeUIbynsoUt8Fcew53uw4dqiIRfHZp-uVHQTn4m63oSke94pYWBkqFjVMWy5BMvNG2j0GXS7YJR1k3cA1xcFU-SOVvNSkO3oAKlELW0ZC2RWx6Wa_L18NMw8qwslueuhhPleNsIV5jgCpiuofQ_nlpTQiVosr8NClWh7w9T8HFf32DuWcpVdWWxd0LTxbC-Ojr_YywJ8lMz2HYdxe-puLiuWYbET_qwypg57NT0u_yq1ktOdoIq-bEJ7--O8nkTcy7zXGGqxSQkoGbSpy6jWtNf9RqUBFAFfvinziQL4cBm7nd_7ewt3UwFAX6YNSyBNbCcvNle5Z92bxu9cyK1cRdDXqK0UngoXi1nwem0MO7z1GTJbYYlMtcbsU0NsIHiJWPpY61_M2W1_s73CoMwKHnlxlMv0GjC79sZz0k3qoZYE4XLWBBno-5Aa6Cfgt-5Z6yx5Z9vmbkKB1g6EbeWUgseG60o5Iv6IcMxGQEmX16M_8iVUVegZ1Lq-dizC3MoqwhGgakRxUxAHcaXyPNHUaRVywEPY4rGf8kMz6sci8rxfdtca8JmbYBMfYpP45rYJh4H4oNLjEwQ">
<script type="text/javascript" nonce="qrEyuLtkrAh3B/DtCcn0RQ">
      recaptcha.anchor.Main.init("[\x22ainput\x22,[\x22bgdata\x22,\x22Ly93d3cuZ29vZ2xlLmNvbS9qcy9iZy9sSmMxdDVxQ0NINWVaMlZZMW10OF9yQjJUb0cweHZUR2U3S18xdnVURGlBLmpz\x22,\x22\x22,\x22THpaMzBXQWpPMXRieWZYcURuU1BMTHNtTzFVdTR0OGxNTW5mUHcwRXNDTFJGKzVvRVN5VThWVlhzVTRRMnloSmcxdzZHbE5JWGRiZzd5WEgrN0tRQ0RKdGlyWDRFK1dyWTQ5NDUzLzRIeEltY3JZaVhDNFRRMHp5WkdtdU1jUjdGQzNFWW9IeHZOdGo3TlE0WEhXMDhPUmtOT2Rsd0oyS2Y2RFZhVENNemRObWVzTUlneWxBNGMzR2NKWTltRk1rMU1SYzAzZ3FLN0UxenpUQWVZVkpzcHc4aDFtZGFIMTkxS3hnem5Fbk4vbnlwS3lkMVhUVi9ndHRxblNWbjByZUE3ZFB0ZzRKUHhBczVuQ1lnZ3lyRXlxTzNXNGRaSkxSbUFyWHVnUEVUNjlycnB6N28xM3Iydi9YVzZGajNWNkhoSTJwdmlESkpFNStjWGd4OC9udXB5RU52NUh0TXZtc21XZHA1aXFCek95ZG5kb1ZqL2oxa0R2czhjdWFjTHpPWjVuQkhWYU5HSG1ZbjB1ZTF1VjRycUhCOGpER3RxZnVLU0IvRDlYdS8xdTRKbS8vUVpaNDVmQ0dPL1dYT0VwaExNVzN4VzNxT2pMYklQNW54dU9vYXlxQzZGWG1WSEFDclFVSWFMWlFWeXo0UTNLSTlkWUtDSXY4U3d2TXJrM1VxQlloMVpwWGM2V09QSCtsNkxjRmRKMG9GL0kwQjRYRUpHS0V1UCtnYmczWVp6M2FDNUVlUFdkK2tIanhjMDBYWkdiT1Yrb2QxbFVhdDBUMTVFaWVHTTJrOGQ5cjliTEJ6ZVNTekJ4ZUFnUExGN0RMSkxvZ3dYWG9RMTdCR2tVT09CRTVDL2l4RTlqUVR2Y2MwTC84Qkw2aFVHUzcxaVRlN1AxbzBhSG5GdmhRSDd0TmIydjR3T3VCM2hscWQ0R0ZrUFF6cHhJdzU0SGdFcG8yNXBXdEg1K3NqV1lLVlYyTm9qY3pSYWd4Rm0wUnpncU00N3NkQ290RW51ZFIxVmFhdlJBTENnWE81YTFxUTFXTUN1QVc2Y0FQcEpNZVdPZXB0bWtCS0JITTgzK2NJeUJqYm15bHM5NklxTDBhRFE5Z3JuTXR1Q3FCQ1lYUEN5WHBRYkxyWUdhdjBhRmNpUVpoVU9na2RsN2NkWURIMXAxL1cxcTNqNng5YURyRUxQMVRVOVRSRDZBcCtYL2xCNTllVnR1MjlxL29UejRkZWJ5ZHVYR1BxVWlPNGNSaHovdnMzWGVYbWdpNzRhR001SWZsS1BXUGF3dHZMU3F5dkRza01KcXRjc05zMnlKQlRNV1hoNHlhdWNSd2piNXI5MkNaN2JscHdncDFkOUVIT3RwaGJkZUcra0grblpUOWl3cSszbnpxQVR1T1F5TThZakFyM0R1QTl0ZWpLT3g2N0NqMGJTT2IyMnpqY0RieTBmMVZjalFjTThvcllvcGEvNTJQY2FCeGFnZ3p3UkJOajVBaXE0ZHlrWml2NXdFNHY2dE10bGJnUkxRS3V5QzU2NWprdXpvbGtyOHpUS042MEZjY3c0RGpCemhYS2ZzVzRlRGNtZnpPL3lBdmp3Uk1aSVpMM1ZnU1FERjJ2OWV5Ykhpc0h2QUphczNPWW1uaTVXS2puYUtPdGpyYURVTDB6eGUxUFFud0VwbCs5U2hjVkVla1FwUTBOZkswaUxNL01idFl6NE4zM0tXQ1JpUW9YMENhbEF1OGN1VlI2ak1tb1A2U3Y4Y1dKclFBNWNlQ1VmL2dwdWlUQm53YkpLeHV2cTJqSXRoSnJna1RoV25KRy9RWkswMGo5bWw4VkVQMTBFd3lsWVErSnFBQlVlWVVyZ2RFd21EcHR3cThNWXRTVUVjWkVTRVhRKzJibmFnc2Q3TTNMejl5UFZ6UXE0aENCeG95MTJSZ25lMXBqdFdKNXBodkNpTU5NNGxtTjFndGtBZ1d2M2h4a3hkSG4wR200UWhoQ1FZcHhTVk8zY2ZrQjJnK0tDT2NBOERwTlZkN0dZUVMwdVphZWw2UHdkVEljSy9TdGMycU1CTEM1Zlh1TUplai81MlV1UjU1V3pUUlE2UzZFbVBGNG5wM3FOWm45NDlpRnluS0tOMUdwYmFHU3A4amY5b0ZjMHR6cWxwdmF2clplWmxLeXpsdEVMZ1BCZFlyQzFHc3hBRW5SWFZra0RHM2M3K3VlMXU4V1RaL2MrWjA5a1hwcGNmZGlKZlNWc2pTQnhiZkZteERqL0R6ZnNrTmxVNU9hY00xYTJWeEhQeTRFWmR0NDY1cGQ2TkY1clhFcmc4ZVozcHB4RnBJNGY3c0gwRnhQSmpyTlN5ekJxK01jODFsNmJjUHc2WFFPSHBlZjNZa1A2Tyt0Nnp2WWdZQUYvOFVhb1NlWHF6a051VHdKcXdhS2lsRTBZbENCM0ZRYk9NMEN4R2lpWkY4TCtSTWdYNjA5d0NyRVBDSVFLcGVpUThvbVJtdFBYeksyZDA1aXJyenA1S0FzMCtWbUg0V0IyNVk3VHc2TGdCenF2RUZ5SDBFUWpFaERscjZKMTNyU051NDYvNUFNTXhBUzd2Q1U4c0xPZUt3N3BKQ25qM21JTGw3TGVTUGFqK3hhN1ZHaHhKV0F1WFZ3NXhzVjF5eTVLT2xUOW9MS0tQVVFLTk14cER4dXZ5bG5sUnZGZ2tIaG5wV3lac2M0WUVpTWRFV21tcVpBNWFZUkxHK2wyQmFpMStKZEZMVURxZXFzTXRrNzdheUtZVEdsQXRiUGRueFdIVmMzZVRQcWNtcUFwd1pzR1BmQUpKNjRBaFZ2MHJ3bTdFYloyU0Z3LzlOWGdvM3ZxTE55WW14blFva212b3d1YVkrMDBqdUtPSTdMU2Y3M2d1OVRRK2p5OHFkY0pQdTg4aVF2TFd4ak45b1FNdHRFODlxOEhGQXNxOVVBYUQ4MktxeWhDZXBtUDdFYzlSK3RRWUdNVE1uZVh1b0xBSEdMclVKc0N3U0hVbEVRN1N0TUtmeStNL2N5N0FZOU1rZUFHM2xLZkRTeTVFbW1PZERBYmdSVENHWTNpQWphMnBRbjNBMEIrWEZ0TzJHWmRCYWo4Y2VDRXNEOWdaZlQzRzhmSXRaZEdtVndiKytxOHVQMFlvS3pyMlRHQUZrZWVvaGFDdzViRjVnMVN3SHNDV3ZMREVPVXhEb2xYNEFGRXNwRmZKSFFVTlVQL0tmN0RwbDZoQUxWSG1GQlF1dHA5SS9seHBXTjJscmFZa3RKamFkenJ5c1o3TjNJZmFzOWU1Y3NSUG00RHdBanc0RUFQWnJreS9hMVk4b1NBQlFzWWZEYWErR1Z4K0RBSExWdmdtMzREUjJEbms1Zk44bnA3K09VOEd3YkVta1o2enpab1Qzc205eTJhMFY3UnJCRWwyZzYrb2RRMGVGc05mNXVSRC9GQlFvdkRlRUNMUys3UkJtUThFS1JaNVk4aXVhZmk3QWVSRS9WVFFSeDB3M1QyWFRYdmN0RlBQWXZCa2RnYkppeXl0NVhKV25mZCt1b1dldDZyQ0hwZnp3dUxBZnBaSFJsOVRoQ1ZQemZncGUwdFkrNS9IN0pCNXdsMTRvRHRnVHZja2hYMUFxTmVnUTJjdlJnQ1ZvZnNPbmxpR1BWd3hkS0Q5VUNDQyt2cWNyRis2ZDFKZ1JNbGI0S1g4d2FhM1VFN0M1NXJyNHp0WmlPMHpDRnRiM015U0lieGtqSWJZY2dYZlRqY3NFbjY3c01xYkpEMXYrQi9uZDRHM29xOHBDZlNnM1AwQ1d0MHJkS3JsYVUvM0NFMUFKUE5WWDJFSnpRUjFhMmFXM2dtOW9MSWdtTHpKMEo3RWxSL1phYkxISHptMGxneUNDNmFCN0IxTXZjZ0JkUFk2UHJWMnU3cmJMMnJZUzQ2MTVISnEwaGFwZWprRi84bEp6cXMzSkx0RmJRbHJnQVVGS04rOE1VOEc1aEZsYVRDU0NvUzlXWVl4Tk5oSGZUb0djQ09SYnU4eGF2b2tjVXd2T3R6Q0VpeGpZYk0vUmVacGJlQlBsU280WmVKSVpGZy9lTUFKTjZkdytUT1hFV0JxR2g4T2E1dStRME85THkzc2cyQVArUmRYZjBERVFNc01LQmQ2WFF6RkxPMUh0ZVRYbTJaYU9wTjN4ZFZQMmhMSDBaWjFUL0FoQUpWaHJzOVl6ZmljL2tUZmJTaGptK1B1U1ZOMmRVcUk5c1FtNkEwaHpHRHp4TEZVNXVONi9JWW04Y2l2ck5KcjJueTcyMDB0RWRpbVlmWW5VSmY5cmEvTGplQjVYcitPaXhENnZPeVp2bWZDamdPVXBOYXRSWG40S1BqM1J2enhQQWpUbXBXQ1FwdUxrL0VCaXlhUFkvV241RTZHWDZMbWtSMXR4SEVVY0VlUndsSjY3TC81S2xlcmZxMHhXVWw1WmQwMG5ScVkyMDcvdUZLeVpxN044MlcwL0RvUWc4Sk1DTGd0d1RGNnVhUjdmcmxzYmk0czRLT3VJVzlaOHZWOURTdDE1dTNYWmZRckhud1FBaW1QN0tTMVo3M0JVVnBJTnVVb0d1b3ZFbmlBcWZvTXJFdVdobzYwdWF6YnlwU3BtdE1uditoUWM2SDhGbTVNaHRnNEJhOU9uekNnU3lSR0xjdjJickU5NEFTd080b2piQWcvWm1vclBHWFROZWM4c1I0dnFLMDhLSDRRSGFMWWgyTkVmb0ZJUVQrR3BmN0RoVUgzNi9xNFVZaW5NUzJtQnJmQjNsbnlGM2VXSm9tTDcwdllwZXQwZW1tbVRYY2hid1dXeStTUUhKNHFwY0ZnSXhQWDVvaE9lY3RaeHVZeDJjWnlpSFpyRThEYy9aTTEvQmdXM0kvRWFTSmRVeEF3aUtnZCtuczNlQjdnaWV1VkFwbndrY1hvTWJWK3RWd3VRZE5jOHRjbEdac0hhTW5zbmFMMmM4ZngzYUorTnkrODV1R2tXNFZOTmluYTBoemsvU21DSmxUazhyOU54RHRDSElkTEpiblpQQWp4eTkrSnZhUC90eWxkdlRLeTJ3ZDFzWjdmeVRZckJNRmpXUUs5V2FwbjdxNG9oVGNCZW82Tkp0UVcyendZSjRWQ3ovUjBiMnpDZTk5eGZiWlZkZS93dDBjV2pBWk5ic3MybUM4SDlYYjJ4NTFWLy9sNUtlbjNRMzlBQXhsWmliWnhFYXZQT1RRQUk3MGhGdXNTaXNZdlFHUTI3elZETXJNZy9EUUZFVHUzOG9ZUnhSaWFFNngxMG1JWWFvK2h4cnMxLy8vUjgrVUREK0doVzcvdEZVREIyaG1XaEFaR3JkeC9MMEVNZW9yNm8zbjVQVzBKNVZMZm5VUnAyMU9zMWluNldFUUVqZFBTb1ViR0phTWhqSzVhdjVlNlJPM2xUcEx2Lzg1UEpOZkRTQ2FYcVIxNU8xYnB2WHZIeEoyM3QxeHdTNFRocG0xbmUxL1lJNDJtcGp3bGluQlIwNTFjakpBZXVMUWVkODY0Q2U3bWwwSE14aGhuZThQK1JkOGlsT2I3cGp2TWIrbEE5VEFRVGt1b200YjBSa01hNW8wZFh1UDkrTEUwRFVrNm1oOHVNTzljTjR0akMvdTdsSXVPdFlFY1l5Tm0xZlpmaVYwQjcrZ1Vtc2hNLzhRaVhHMkZCbnpQdlNadWFKYWM2S3NzTGdiNFVZa2pwMHRFZSt1TDBxWWZHR1VsWEEvSE1NOVpqMGtZallMR01UaXhKUndQSHdJOTI1QWxJaW1LamtQT3RIOEwzRzZXeHlRUThlMGVnOWZyNzhSWU9qMkZlRVVHSGtzdGx5T1JOMTlOYWh3aEpOcVVCQ2E3enpOc2ttMnlJT1pHaTJkYXl2RmRvdmFIVDNDOTlmVzd4aStEZ1N1WXlPSTg5L3dFOWJ0OEFOaXRBTElJZm5yV25oa0djY0tJbjZBaDVvYTlaY3N5bERUekhuSm9uUCtoaW1jaWZ1dEZSN1d4V1lSUUphZ0NxY1RnL2NqR3FQS3g1Q3Brelh3dEpKdHR2VW0vUHFGNnlKWFo3d05SSHJDaDI4Y0ErekRkMFV1VzdLOTUyRTJLaUV5ZldFR0xuUmNBL2F6L3JyT2lSZTNaTkppb08rTTZzY3c4VmVEVlJCMlIyRm5YYTdmUExUWFpzR2RjcVJDWGhLcis3QkorZElFaGQ4L1hxRkhWNVFEL1gvTFFWWWdObmI2ajY1M2JQdFdCeWJDOFM1czNkUjA2cEtYWjRENGJ4V2g0UEtpVXZBZ1N1TlpTRW1kVWdXU1lucjdjcHhLTmNZUDJWanRDZ3V2MmJFWGdYWE9EM0hHMDFtVm9Oc0t2T294dzlsL3VKRlB5VjZoaXRwaG13Yko4ZzMxeitIQkJEV0IyZmFqRjV6UmNzZXRWNlJLeXlzejRGVEtVT09HdDhNV2tRcHVtMHIrTGp1RitVVXh6YUx5bTZyUHJicElNTGFERWEvR2hwOHJoV2toL0dVVmhaTWUyaU4zRkhxVFF2VGg1dEJlc0E5VFlRNHFSSHZoRng0QTliZWFNdzJRRFhpdmorMkFBOWlLZW96TEtSbjg5eUJja0FVYm5ESUk1L0x1NjN5c0I0Zk8vY1JRL2kzdU1DWkxUN0pxWEFPbndVeHR6NGszUEloaFFiamwzeE4rZks4RGRRVlZOZFFhMmV1c1NrRThCWGRvWmxrTFphSjdmRWkzUk1CbHpWK09UZ08vUmtmdUpTRloyczFNaDJxYitQenFkcmVkUlROTUdYZjZSRXJncnptY2hsK2o3Vi9hMDkySWJ5ZHpURm5pcFNsQkJDTXhWdXJsNStpZEl6MnJlKzQrVVcxaXBiYlFtM1FvRVNNQVBCZGhKaExPTDBXL1g5dk11YTJYeDRnN2JsSkhERXRacHhPSkNKV2NiL0s4T0lRNVJmRm5OZmp4M1JXb29RQ1E4VHFnT1BIQTUyanZSeFQ5RlNkTnlFRUVJZ0NscVFTakc1eUpmL1ROS21OOFRURjdXT2lUUThtOHViQnliYWN1RDNXb3V4Ym5wbXFLWjN2UFZjOWloTGRSUnVEL1hnNDhrMENxR2pFMjhVeEZlUEkrZGVBTEZVd1JrU3RycjJubHBBZnJDMWMxOEtJYjArYVZsandYZmlBRHVXQWg0TlZVdUR4ZDA4SW9sLzRVcVI3VmhBcmQ0TkYyWUMyaVpXQnhsN09CYzBlaGRYbGhtSGdtZEZiZFNEVkF6L1FkRDU0NGpnbVJDeWNweEtlcE5QNzhESWdwVEdIcHVRRlVGamVHdVZHWFp0cHllQUdReUxETE1ZS0JHcmNnWlQ0djlKWVkvaVJmbnV5UG1MUmUwQm9vM3A1RjAzOUtkYlJacUV2WkhVT1pYcTRsNTNDcEhoZVBtZU1jY01OeXE1TFdCQlJ0TTVwdHVMdURnbXhmZ3hEQnZjUHR5b0N3U3VzWENQVjYrbmZlUDlzODIzTDcrN0RGNFZ0MTRGY3B1ZkxnalgxQ2R3VXFmeXg3eERqNmVLNnZhd1d1aDlDVnZCTDIxSTBDWU0xTW82djd0ZndudkNSVjRkeFBxdFVndWFUZGc3Q2lCN25IYjVWS1JuWG03bnBOcy95eTNlaWc2RFo0UUZTQXhSRHNuc2cvWEFGUXNZR3NVZVFVWUlxc29jTWUybkd4UHRhK0pyOWJQQ3I5ellqRWZiWW5QR0doWTFmTW83YlhLUkpZeDhWMEVYQUpzS2I2VENrWURSMENUVHJiaVJNbnFQdERBSFh2bTRIa1pKajlheVpNSENlTnJTMCsvdklNYm53QlEwVVl5d0FEbG4rcitNRTQ3NXpzWU5FT1Uxc21Yenp2Y1RuTnJrQ01NckF2VzUxSGxoYUlScDkvc1pDMUxXU2ZpelBCYithUVpZSXlQT1VScGV0UFhSSmYzbmQxL2p1NnNldHIxNVFWWW4rV2h3NGZ1NXBsak1URWpEOVg1MUUrZHhGMit6NjhEcGo2QkhyZlowOStXNWk0elh2UERHTjNzTlVlcXV0NnI1SUJvc2pkUTQ1cUhXeklJc3h2b1U2ek1mQm9aS0cwMlZzYm1WLzBkRWw2anloZzhUeE1uTVBjZFBTaFVqN1BqVXBCc0ZZNzVMMXBqUytkL1JCZzdnZytVbVRvb1FWKy9mQ2ZBWUljNEo5UHZEY0JWdkNBZWE0cCswL1NKbHd0cTBrdFNmSmR4UFQ5bnVKMEhaLy9wWk80UTA2cTNyRm9NTUlDRzNWNXljdnEwd0RTY1k4bkVJeVZiNHJHS3RiUHVnTmFrSjVjZU9oQkRtVS9PLzVndC91ejRucStEeTAzRWFnUkJrYko3cXBLdkVwd1g2UHRHZHozd2x5L1MvS2JIeUE3WndXamMxUCtyWHFDR1VxcXhhMVdTZHYxZEhFSDhFd05veEZqVVNpOUx3SC85ak9welBGS250NDlzK25UKzJWMVRDaU1OYWpLYkNKQ1lDVGh5eUdsaDRkakk5WVEweU03UW1vcjYzbGYxMVMwcTBBd0NVUG1Ld3M1REMzOEt0aVh5WE5sYnhjRHJhVi9lSTNkL2NnWGZUcm1hb1dYWmR1Slo1d1FuWkJzU2ZpSktjZXR5cmpEWTQ2RWJMYlBHSmdnSmJGa2wrVytwMzUvQ2Y1Q0lMdlNtcWxTNW0zekFCbmc1TWJFb3o4OW11V0ZsMXFOckgreVZWcXlTQzRFc0MrQWFrNW9JczVqbjVPUlNFYkY1T3k4bmswVXM3dkxkbnA5WmludlNxZXhtRlh5MU45WDhSTWwwaEdTRExicGFSb2drbDJNU1pGczdoYXV0bDBudmRxNXdNREVWTy9ZMEQ0WDBLam9kRU1FUVdhR1NOWTdtU2VmOGw3OW9sV2pNV0U0OFkvVzhDdWdIMm5tZEl2bXJNSnRuKytac2xqZEk4VmFuUmhtSi85QmVHT0dnQlpHanRjUERxRVVIdHhGZjNFdldCMVFyaGFjL2FVTWdXTTRHVG9hcHBlZnF6L1YxN096VXBCOStxZUVnOW9rSnZ4UVd5ODd3b0daTE9NNjZHYjZ2S3NXOEhQWE5IUlQ5ZHE3L3JpWFhGSmZXR01zWWhUdjhzclN6cXh0eTNINFhZL28yQVVEV2syd0kvQ3NSdEVUVEJKajdMWFdI\x22]\n,null,[\x22conf\x22,null,\x226LfQPtEUAAAAAHBpAdFng54jyuB1V5w5dofknpip\x22,0,null,null,null,0,[21]\n]\n,\x22https://colab.research.google.com:443\x22,[\x22ctask\x22,[[\x22hctask\x22,\x22b9a19717\x22,\x22d5c947f583e570e05b5a3cdb11351eeb0444fbb1f34970509b32ee6e09545c45\x22,0,100]\n,[\x22hctask\x22,\x2220bfceeb\x22,\x2227e7610b0a76eb42284fe17f57b6a22980b805c458c3deb1459d69d40d3af994\x22,0,100]\n,[\x22hctask\x22,\x2242126296\x22,\x2226070b5d0a1cbd9aad509f6ba90b789d7122d2ff2269f3517e8c19d6e07cc435\x22,0,100]\n]\n,\x22/recaptcha/api2/webworker.js\x22]\n,[3,1,1]\n,null,null,null,1,3600,[\x22https://www.google.com/intl/en/policies/privacy/\x22,\x22https://www.google.com/intl/en/policies/terms/\x22]\n,\x22gh29/r9zwXbMYvtJ7iXRm6XNKg21rceXAV0xcGbyot0\\u003d\x22,0,0,[-647244171]\n]\n");
    </script></body></html>